{"stats":{"minecraft:dropped":{"minecraft:chicken":6,"minecraft:cobblestone":3,"minecraft:stick":2,"minecraft:spider_eye":1},"minecraft:crafted":{"minecraft:stone_shovel":2,"minecraft:crafting_table":3,"minecraft:wooden_pickaxe":1,"minecraft:furnace":2,"minecraft:stone_axe":1,"minecraft:diamond_pickaxe":1,"minecraft:stick":16,"minecraft:stone_pickaxe":1,"realistictorches:unlit_torch":4,"minecraft:stone_sword":1,"minecraft:chest":1,"minecraft:acacia_planks":32},"minecraft:used":{"minecraft:stone_sword":50,"minecraft:stone_shovel":33,"minecraft:stone_pickaxe":6,"minecraft:chest":2,"minecraft:wooden_pickaxe":13,"minecraft:netherrack":1,"minecraft:dirt":5,"minecraft:mutton":2,"minecraft:crafting_table":4,"minecraft:white_bed":1,"minecraft:acacia_sapling":4,"minecraft:diamond_pickaxe":83,"minecraft:bread":5,"minecraft:stone_axe":1,"minecraft:bow":3,"minecraft:furnace":2,"minecraft:beetroot_seeds":1,"minecraft:yellow_bed":1,"realistictorches:unlit_torch":2},"minecraft:picked_up":{"minecraft:crafting_table":2,"minecraft:chicken":6,"minecraft:wooden_pickaxe":1,"minecraft:potato":3,"minecraft:yellow_bed":2,"minecraft:string":4,"minecraft:dirt":88,"minecraft:bone":1,"minecraft:acacia_planks":15,"minecraft:bow":2,"minecraft:wheat_seeds":7,"minecraft:stone_pickaxe":1,"minecraft:chest":2,"minecraft:acacia_sapling":4,"minecraft:stick":3,"minecraft:acacia_log":8,"minecraft:carrot":17,"minecraft:white_bed":2,"minecraft:grass_block":2,"minecraft:spider_eye":1,"minecraft:stone_sword":1,"minecraft:arrow":2,"minecraft:rotten_flesh":5,"minecraft:stone_shovel":2,"minecraft:diamond":3,"minecraft:beetroot_seeds":1,"minecraft:stone_axe":1,"minecraft:bread":7,"minecraft:netherrack":4,"minecraft:mutton":2,"minecraft:coal":2,"minecraft:white_wool":4,"minecraft:cobblestone":97,"minecraft:diamond_pickaxe":1},"minecraft:killed":{"minecraft:spider":1,"minecraft:sheep":2,"minecraft:skeleton":1,"minecraft:zombie":3},"minecraft:custom":{"minecraft:mob_kills":8,"minecraft:interact_with_crafting_table":8,"minecraft:leave_game":1,"minecraft:time_since_death":14916,"minecraft:time_since_rest":14952,"minecraft:sprint_one_cm":48586,"minecraft:damage_taken":645,"minecraft:walk_one_cm":67995,"minecraft:drop":8,"minecraft:damage_dealt":1376,"minecraft:fly_one_cm":49769,"minecraft:open_chest":10,"minecraft:crouch_one_cm":15889,"minecraft:play_time":42964,"minecraft:deaths":1,"minecraft:sneak_time":5623,"minecraft:jump":361,"minecraft:walk_on_water_one_cm":102,"minecraft:total_world_time":42964,"minecraft:fall_one_cm":7146},"minecraft:killed_by":{"minecraft:player":1},"minecraft:mined":{"minecraft:acacia_leaves":4,"minecraft:white_bed":1,"minecraft:crafting_table":2,"minecraft:acacia_log":8,"minecraft:grass_block":24,"minecraft:chest":1,"minecraft:tall_grass":3,"minecraft:carrots":9,"minecraft:wheat":3,"minecraft:yellow_bed":1,"minecraft:grass":11,"minecraft:potatoes":3,"minecraft:beetroots":1,"minecraft:coal_ore":1,"minecraft:dirt":29,"minecraft:cobweb":5,"minecraft:stone":95,"minecraft:netherrack":4}},"DataVersion":3465}