{"stats":{"minecraft:dropped":{"minecraft:cobblestone":3,"minecraft:stick":2},"minecraft:crafted":{"minecraft:stone_sword":1,"minecraft:acacia_planks":32,"minecraft:crafting_table":1,"minecraft:stick":4,"minecraft:stone_pickaxe":1,"minecraft:wooden_pickaxe":1},"minecraft:used":{"minecraft:stone_sword":3,"minecraft:dirt":5,"minecraft:crafting_table":2,"minecraft:acacia_sapling":4,"minecraft:wooden_pickaxe":13},"minecraft:picked_up":{"minecraft:crafting_table":1,"minecraft:stick":3,"minecraft:acacia_log":8,"minecraft:mutton":1,"minecraft:white_wool":1,"minecraft:acacia_sapling":4,"minecraft:dirt":23,"minecraft:cobblestone":12},"minecraft:killed":{"minecraft:sheep":1},"minecraft:custom":{"minecraft:time_since_rest":18964,"minecraft:crouch_one_cm":5209,"minecraft:sprint_one_cm":12529,"minecraft:play_time":18964,"minecraft:walk_one_cm":20234,"minecraft:sneak_time":2062,"minecraft:mob_kills":1,"minecraft:drop":5,"minecraft:jump":44,"minecraft:damage_dealt":129,"minecraft:leave_game":1,"minecraft:time_since_death":18964,"minecraft:total_world_time":18964,"minecraft:interact_with_crafting_table":3,"minecraft:fly_one_cm":5030},"minecraft:mined":{"minecraft:acacia_log":8,"minecraft:grass_block":5,"minecraft:acacia_leaves":4,"minecraft:dirt":18,"minecraft:stone":12,"minecraft:crafting_table":1}},"DataVersion":3465}