{"stats":{"minecraft:dropped":{"minecraft:chicken":6,"minecraft:cobblestone":3,"sophisticatedbackpacks:backpack":1,"minecraft:stick":2,"minecraft:spider_eye":1},"minecraft:crafted":{"minecraft:oak_slab":78,"minecraft:oak_planks":60,"minecraft:stone_shovel":2,"sophisticatedbackpacks:backpack":2,"minecraft:crafting_table":4,"minecraft:wooden_pickaxe":1,"minecraft:furnace":2,"minecraft:stone_axe":1,"minecraft:diamond_pickaxe":1,"minecraft:stick":16,"minecraft:oak_stairs":8,"minecraft:stone_pickaxe":1,"realistictorches:unlit_torch":4,"minecraft:stone_sword":1,"minecraft:chest":1,"minecraft:acacia_planks":32},"minecraft:used":{"minecraft:stone_sword":62,"minecraft:stone_shovel":33,"minecraft:stone_pickaxe":6,"minecraft:chest":2,"minecraft:wooden_pickaxe":13,"minecraft:netherrack":1,"minecraft:dirt":6,"minecraft:mutton":2,"minecraft:oak_slab":54,"minecraft:crafting_table":6,"minecraft:carrot":3,"minecraft:white_bed":1,"minecraft:acacia_sapling":4,"minecraft:azure_bluet":1,"minecraft:oak_log":17,"minecraft:diamond_pickaxe":100,"minecraft:grass_block":2,"minecraft:oak_stairs":5,"minecraft:bread":12,"minecraft:stone_axe":46,"minecraft:cobblestone":1,"minecraft:bow":3,"minecraft:furnace":2,"minecraft:beetroot_seeds":1,"minecraft:yellow_bed":1,"minecraft:dandelion":1,"realistictorches:unlit_torch":2},"minecraft:picked_up":{"minecraft:crafting_table":3,"minecraft:azure_bluet":1,"minecraft:chicken":6,"minecraft:leather":14,"minecraft:wooden_pickaxe":1,"minecraft:oak_stairs":1,"minecraft:potato":6,"minecraft:oak_log":48,"minecraft:yellow_bed":2,"minecraft:string":18,"minecraft:dirt":88,"minecraft:flint_and_steel":1,"minecraft:bone":1,"minecraft:acacia_planks":15,"minecraft:bow":2,"minecraft:wheat_seeds":14,"minecraft:stone_pickaxe":2,"minecraft:chest":4,"minecraft:oak_planks":5,"minecraft:acacia_sapling":4,"minecraft:stick":3,"minecraft:dandelion":1,"minecraft:acacia_log":8,"sophisticatedbackpacks:backpack":1,"minecraft:carrot":31,"minecraft:white_bed":4,"minecraft:grass_block":4,"minecraft:spider_eye":3,"minecraft:stone_sword":2,"minecraft:arrow":2,"minecraft:rotten_flesh":6,"minecraft:stone_shovel":2,"minecraft:diamond":3,"minecraft:beetroot_seeds":1,"minecraft:stone_axe":2,"minecraft:bread":24,"minecraft:netherrack":4,"minecraft:mutton":2,"minecraft:coal":2,"minecraft:white_wool":4,"minecraft:cobblestone":139,"minecraft:diamond_pickaxe":2},"minecraft:killed":{"minecraft:spider":1,"minecraft:horse":2,"minecraft:sheep":2,"minecraft:skeleton":1,"minecraft:zombie":3},"minecraft:custom":{"minecraft:mob_kills":10,"minecraft:interact_with_crafting_table":16,"minecraft:leave_game":2,"minecraft:time_since_death":1903,"minecraft:time_since_rest":1930,"minecraft:sprint_one_cm":67504,"minecraft:damage_taken":1288,"minecraft:walk_one_cm":105825,"minecraft:drop":9,"minecraft:damage_dealt":1783,"minecraft:fly_one_cm":78170,"minecraft:open_chest":14,"minecraft:crouch_one_cm":22858,"minecraft:play_time":58601,"minecraft:deaths":2,"minecraft:sneak_time":7600,"minecraft:jump":563,"minecraft:walk_on_water_one_cm":102,"minecraft:total_world_time":58601,"minecraft:fall_one_cm":13101},"minecraft:killed_by":{"minecraft:player":2},"minecraft:mined":{"minecraft:acacia_leaves":4,"minecraft:white_bed":2,"minecraft:crafting_table":3,"minecraft:acacia_log":8,"minecraft:grass_block":24,"minecraft:chest":1,"minecraft:cobblestone":1,"minecraft:tall_grass":3,"minecraft:carrots":9,"minecraft:wheat":3,"minecraft:yellow_bed":1,"minecraft:oak_log":42,"minecraft:grass":15,"minecraft:potatoes":3,"minecraft:beetroots":1,"minecraft:coal_ore":1,"minecraft:oak_stairs":1,"minecraft:dirt":29,"minecraft:cobweb":6,"minecraft:stone":111,"minecraft:netherrack":4}},"DataVersion":3465}