{"stats":{"minecraft:dropped":{"minecraft:cobblestone":3,"minecraft:stick":2},"minecraft:crafted":{"minecraft:stone_shovel":2,"minecraft:diamond_pickaxe":1,"minecraft:crafting_table":3,"minecraft:stick":12,"minecraft:furnace":2,"minecraft:chest":1,"minecraft:wooden_pickaxe":1,"minecraft:stone_pickaxe":1,"minecraft:stone_sword":1,"minecraft:acacia_planks":32,"minecraft:stone_axe":1},"minecraft:used":{"minecraft:diamond_pickaxe":58,"minecraft:stone_sword":26,"minecraft:stone_shovel":33,"minecraft:bread":3,"minecraft:stone_pickaxe":6,"minecraft:chest":2,"minecraft:wooden_pickaxe":13,"minecraft:stone_axe":1,"minecraft:dirt":5,"minecraft:mutton":2,"minecraft:bow":3,"minecraft:crafting_table":4,"minecraft:furnace":2,"minecraft:yellow_bed":1,"minecraft:white_bed":1,"minecraft:acacia_sapling":4},"minecraft:picked_up":{"minecraft:stick":3,"minecraft:crafting_table":2,"minecraft:wooden_pickaxe":1,"minecraft:acacia_log":8,"minecraft:yellow_bed":2,"minecraft:white_bed":2,"minecraft:dirt":87,"minecraft:stone_sword":1,"minecraft:acacia_planks":15,"minecraft:stone_shovel":2,"minecraft:bone":1,"minecraft:arrow":2,"minecraft:rotten_flesh":4,"minecraft:diamond":3,"minecraft:stone_axe":1,"minecraft:bow":2,"minecraft:wheat_seeds":2,"minecraft:stone_pickaxe":1,"minecraft:bread":7,"minecraft:netherrack":1,"minecraft:chest":2,"minecraft:mutton":2,"minecraft:coal":2,"minecraft:acacia_sapling":4,"minecraft:white_wool":4,"minecraft:cobblestone":75,"minecraft:diamond_pickaxe":1},"minecraft:killed":{"minecraft:skeleton":1,"minecraft:sheep":2,"minecraft:zombie":2},"minecraft:custom":{"minecraft:time_since_rest":2952,"minecraft:sprint_one_cm":32668,"minecraft:damage_taken":425,"minecraft:walk_one_cm":51036,"minecraft:mob_kills":5,"minecraft:drop":5,"minecraft:damage_dealt":880,"minecraft:interact_with_crafting_table":8,"minecraft:fly_one_cm":28914,"minecraft:open_chest":2,"minecraft:crouch_one_cm":7894,"minecraft:play_time":30964,"minecraft:deaths":1,"minecraft:sneak_time":2864,"minecraft:jump":213,"minecraft:leave_game":1,"minecraft:time_since_death":2916,"minecraft:total_world_time":30964,"minecraft:fall_one_cm":4137},"minecraft:killed_by":{"minecraft:player":1},"minecraft:mined":{"minecraft:acacia_leaves":4,"minecraft:white_bed":1,"minecraft:yellow_bed":1,"minecraft:crafting_table":2,"minecraft:grass":6,"minecraft:acacia_log":8,"minecraft:grass_block":24,"minecraft:coal_ore":1,"minecraft:chest":1,"minecraft:dirt":29,"minecraft:stone":73,"minecraft:netherrack":1}},"DataVersion":3465}