{"stats":{"minecraft:crafted":{"minecraft:stone_pickaxe":1},"minecraft:dropped":{"minecraft:rotten_flesh":1},"minecraft:used":{"minecraft:rotten_flesh":1,"minecraft:stone_pickaxe":27},"minecraft:picked_up":{"minecraft:stick":2,"minecraft:rotten_flesh":4,"minecraft:cobblestone":3},"minecraft:killed":{"minecraft:zombie":4},"minecraft:custom":{"minecraft:time_since_rest":3916,"minecraft:crouch_one_cm":1089,"minecraft:play_time":3916,"minecraft:sprint_one_cm":4327,"minecraft:damage_taken":100,"minecraft:walk_one_cm":9456,"minecraft:sneak_time":211,"minecraft:mob_kills":4,"minecraft:drop":1,"minecraft:jump":74,"minecraft:damage_dealt":749,"minecraft:time_since_death":3916,"minecraft:total_world_time":3916,"minecraft:interact_with_crafting_table":1,"minecraft:fall_one_cm":1730,"minecraft:fly_one_cm":8000},"minecraft:mined":{"minecraft:grass":4}},"DataVersion":3465}