{"stats":{"minecraft:crafted":{"minecraft:oak_planks":16,"minecraft:crafting_table":1,"minecraft:bucket":1,"minecraft:stone_axe":1,"minecraft:bread":63,"minecraft:air":0,"minecraft:iron_chestplate":1,"minecraft:stick":8,"minecraft:iron_ingot":27,"minecraft:stone_pickaxe":1,"minecraft:stone_sword":1,"minecraft:acacia_planks":12,"minecraft:wheat":189},"minecraft:dropped":{"minecraft:bread":4,"minecraft:rotten_flesh":1},"minecraft:used":{"minecraft:water_bucket":2,"minecraft:stone_sword":10,"minecraft:stone_pickaxe":88,"minecraft:chest":1,"minecraft:rotten_flesh":1,"minecraft:iron_chestplate":1,"minecraft:dirt":2,"minecraft:crafting_table":1,"minecraft:bread":15,"minecraft:stone_axe":49,"minecraft:cobblestone":7,"minecraft:bucket":3,"minecraft:egg":2},"minecraft:picked_up":{"minecraft:iron_chestplate":2,"minecraft:crafting_table":3,"minecraft:feather":4,"minecraft:chicken":9,"minecraft:water_bucket":1,"minecraft:leather":8,"minecraft:golden_leggings":2,"minecraft:oak_log":4,"minecraft:gunpowder":3,"minecraft:lapis_lazuli":18,"minecraft:string":8,"minecraft:dirt":2,"minecraft:flint_and_steel":1,"minecraft:bone":3,"minecraft:acacia_planks":8,"minecraft:wheat_seeds":2,"minecraft:iron_ingot":7,"minecraft:beef":16,"minecraft:stone_pickaxe":2,"minecraft:iron_nugget":43,"minecraft:chest":1,"minecraft:oak_planks":32,"minecraft:egg":2,"minecraft:golden_helmet":1,"minecraft:raw_iron":23,"minecraft:stick":15,"minecraft:acacia_log":3,"minecraft:porkchop":3,"minecraft:spider_eye":1,"minecraft:stone_sword":2,"minecraft:arrow":7,"minecraft:rotten_flesh":7,"minecraft:stone_axe":2,"minecraft:hay_block":21,"minecraft:bread":92,"minecraft:golden_horse_armor":1,"minecraft:oak_sapling":1,"minecraft:mutton":1,"minecraft:obsidian":1,"minecraft:coal":13,"minecraft:white_wool":1,"minecraft:cobblestone":54},"minecraft:killed":{"minecraft:pig":1,"minecraft:spider":1,"minecraft:creeper":3,"minecraft:sheep":1,"minecraft:skeleton":3,"minecraft:zombie":8,"minecraft:chicken":3,"minecraft:cow":7},"minecraft:custom":{"minecraft:interact_with_furnace":6,"minecraft:mob_kills":28,"minecraft:interact_with_crafting_table":12,"minecraft:time_since_death":3040,"minecraft:sleep_in_bed":1,"minecraft:time_since_rest":3066,"minecraft:sprint_one_cm":57195,"minecraft:damage_taken":1630,"minecraft:walk_one_cm":64102,"minecraft:drop":5,"minecraft:damage_dealt":4113,"minecraft:fly_one_cm":110860,"minecraft:player_kills":1,"minecraft:open_chest":13,"minecraft:crouch_one_cm":6751,"minecraft:play_time":27916,"minecraft:deaths":2,"minecraft:sneak_time":1896,"minecraft:jump":660,"minecraft:walk_on_water_one_cm":174,"minecraft:total_world_time":27916,"minecraft:fall_one_cm":23087},"minecraft:killed_by":{"siren_head:siren_head":2},"minecraft:mined":{"minecraft:chest":1,"minecraft:tall_grass":9,"minecraft:lapis_ore":1,"minecraft:hay_block":21,"minecraft:iron_ore":23,"minecraft:grass":17,"minecraft:oak_log":4,"minecraft:coal_ore":13,"minecraft:dirt":2,"minecraft:cobweb":4,"minecraft:stone":23,"minecraft:oak_leaves":2}},"DataVersion":3465}