{"stats":{"minecraft:crafted":{"minecraft:oak_planks":16,"minecraft:crafting_table":1,"minecraft:bucket":1,"minecraft:stone_axe":1,"minecraft:bread":63,"minecraft:air":0,"minecraft:iron_chestplate":1,"minecraft:stick":8,"minecraft:iron_pickaxe":1,"minecraft:iron_ingot":27,"minecraft:stone_pickaxe":1,"minecraft:stone_sword":1,"minecraft:chest":2,"minecraft:acacia_planks":12,"sophisticatedbackpacks:iron_backpack":1,"minecraft:wheat":189},"minecraft:dropped":{"minecraft:bread":15,"minecraft:rotten_flesh":1,"minecraft:leather":9,"minecraft:chest":2,"minecraft:stone_pickaxe":1,"minecraft:iron_pickaxe":1,"minecraft:string":6},"minecraft:used":{"minecraft:water_bucket":65,"sophisticatedbackpacks:iron_backpack":1,"minecraft:stone_sword":29,"minecraft:stone_pickaxe":89,"minecraft:chest":1,"minecraft:rotten_flesh":1,"minecraft:iron_chestplate":1,"minecraft:dirt":2,"minecraft:crafting_table":2,"minecraft:bread":28,"minecraft:iron_pickaxe":11,"minecraft:stone_axe":68,"minecraft:cobblestone":13,"minecraft:bucket":66,"minecraft:egg":2},"minecraft:picked_up":{"minecraft:iron_chestplate":2,"minecraft:crafting_table":3,"minecraft:feather":4,"minecraft:chicken":9,"minecraft:water_bucket":1,"minecraft:leather":11,"minecraft:golden_leggings":2,"minecraft:oak_stairs":4,"minecraft:oak_log":4,"minecraft:gunpowder":5,"minecraft:lapis_lazuli":18,"minecraft:string":8,"minecraft:dirt":2,"minecraft:flint_and_steel":1,"minecraft:bone":7,"minecraft:acacia_planks":8,"minecraft:bow":1,"minecraft:wheat_seeds":8,"minecraft:cobbled_deepslate":1,"minecraft:iron_ingot":7,"minecraft:beef":16,"minecraft:stone_pickaxe":3,"minecraft:iron_nugget":43,"minecraft:iron_pickaxe":1,"minecraft:chest":1,"minecraft:oak_planks":32,"minecraft:oak_slab":24,"minecraft:egg":2,"minecraft:golden_helmet":1,"minecraft:raw_iron":23,"minecraft:stick":15,"minecraft:acacia_log":3,"sophisticatedbackpacks:backpack":1,"minecraft:porkchop":4,"sophisticatedbackpacks:iron_backpack":1,"minecraft:grass_block":1,"minecraft:spider_eye":1,"minecraft:stone_sword":2,"minecraft:arrow":11,"minecraft:rotten_flesh":7,"minecraft:diamond":8,"minecraft:stone_axe":2,"minecraft:hay_block":21,"minecraft:bread":92,"minecraft:golden_horse_armor":1,"minecraft:oak_sapling":1,"minecraft:mutton":1,"minecraft:obsidian":1,"minecraft:coal":13,"minecraft:white_wool":1,"minecraft:cobblestone":56},"minecraft:killed":{"minecraft:pig":2,"minecraft:spider":1,"minecraft:creeper":5,"minecraft:horse":2,"minecraft:sheep":1,"minecraft:skeleton":6,"minecraft:zombie":10,"minecraft:chicken":3,"minecraft:cow":7},"minecraft:custom":{"minecraft:interact_with_furnace":6,"minecraft:mob_kills":38,"minecraft:interact_with_crafting_table":16,"minecraft:leave_game":1,"minecraft:time_since_death":18904,"minecraft:sleep_in_bed":2,"minecraft:time_since_rest":14170,"minecraft:sprint_one_cm":108196,"minecraft:damage_taken":2245,"minecraft:walk_one_cm":90854,"minecraft:drop":22,"minecraft:damage_dealt":6492,"minecraft:swim_one_cm":226,"minecraft:fly_one_cm":217293,"minecraft:player_kills":2,"minecraft:open_chest":14,"minecraft:crouch_one_cm":8204,"minecraft:play_time":43780,"minecraft:deaths":2,"minecraft:sneak_time":2394,"minecraft:walk_under_water_one_cm":703,"minecraft:jump":1230,"minecraft:walk_on_water_one_cm":8251,"minecraft:total_world_time":43780,"minecraft:fall_one_cm":49499},"minecraft:killed_by":{"siren_head:siren_head":2},"minecraft:mined":{"minecraft:deepslate_diamond_ore":8,"sophisticatedbackpacks:iron_backpack":1,"minecraft:chest":1,"minecraft:cobblestone":2,"minecraft:tall_grass":9,"minecraft:lapis_ore":1,"minecraft:hay_block":21,"minecraft:iron_ore":23,"minecraft:grass":20,"minecraft:oak_log":4,"minecraft:coal_ore":13,"minecraft:dirt":2,"minecraft:cobweb":4,"minecraft:stone":23,"minecraft:deepslate":1,"minecraft:oak_leaves":2}},"DataVersion":3465}