{"stats":{"minecraft:crafted":{"minecraft:oak_planks":16,"minecraft:crafting_table":1,"minecraft:stick":8,"minecraft:stone_pickaxe":1,"minecraft:stone_sword":1,"minecraft:acacia_planks":12,"minecraft:stone_axe":1,"minecraft:bread":63,"minecraft:wheat":189},"minecraft:dropped":{"minecraft:bread":4,"minecraft:rotten_flesh":1},"minecraft:used":{"minecraft:stone_sword":3,"minecraft:bread":10,"minecraft:stone_pickaxe":63,"minecraft:rotten_flesh":1,"minecraft:stone_axe":22,"minecraft:cobblestone":7,"minecraft:crafting_table":1},"minecraft:picked_up":{"minecraft:crafting_table":1,"minecraft:golden_helmet":1,"minecraft:stick":3,"minecraft:raw_iron":14,"minecraft:leather":2,"minecraft:golden_leggings":1,"minecraft:acacia_log":3,"minecraft:oak_log":4,"minecraft:gunpowder":3,"minecraft:string":2,"minecraft:flint_and_steel":1,"minecraft:bone":2,"minecraft:arrow":3,"minecraft:rotten_flesh":7,"minecraft:wheat_seeds":2,"minecraft:hay_block":21,"minecraft:beef":3,"minecraft:golden_horse_armor":1,"minecraft:iron_nugget":43,"minecraft:coal":5,"minecraft:chest":1,"minecraft:obsidian":1,"minecraft:cobblestone":21},"minecraft:killed":{"minecraft:skeleton":1,"minecraft:zombie":7,"minecraft:spider":1,"minecraft:creeper":2,"minecraft:cow":1},"minecraft:custom":{"minecraft:time_since_rest":15916,"minecraft:sprint_one_cm":28423,"minecraft:damage_taken":564,"minecraft:walk_one_cm":37709,"minecraft:mob_kills":13,"minecraft:drop":5,"minecraft:damage_dealt":2258,"minecraft:interact_with_crafting_table":4,"minecraft:player_kills":1,"minecraft:fly_one_cm":48911,"minecraft:crouch_one_cm":3063,"minecraft:play_time":15916,"minecraft:sneak_time":692,"minecraft:jump":314,"minecraft:time_since_death":15916,"minecraft:total_world_time":15916,"minecraft:fall_one_cm":10730},"minecraft:mined":{"minecraft:hay_block":21,"minecraft:iron_ore":14,"minecraft:grass":13,"minecraft:coal_ore":5,"minecraft:oak_log":4,"minecraft:chest":1,"minecraft:tall_grass":8,"minecraft:stone":16,"minecraft:oak_leaves":2}},"DataVersion":3465}